failure_rate,call_index,ok,attempts,total_latency_ms,error
0.0,0,True,1,156.0,
0.0,1,True,1,31.0,
0.0,2,True,1,32.0,
0.0,3,True,1,31.0,
0.0,4,True,1,31.0,
0.0,5,True,1,31.0,
0.0,6,True,1,32.0,
0.0,7,True,1,31.0,
0.0,8,True,1,31.0,
0.0,9,True,1,31.0,
0.0,10,True,1,47.0,
0.0,11,True,1,32.0,
0.0,12,True,1,31.0,
0.0,13,True,1,31.0,
0.0,14,True,1,47.0,
0.0,15,True,1,31.0,
0.0,16,True,1,31.0,
0.0,17,True,1,47.0,
0.0,18,True,1,32.0,
0.0,19,True,1,46.0,
0.0,20,True,1,47.0,
0.0,21,True,1,32.0,
0.0,22,True,1,46.0,
0.0,23,True,1,47.0,
0.0,24,True,1,47.0,
0.0,25,True,1,47.0,
0.0,26,True,1,47.0,
0.0,27,True,1,31.0,
0.0,28,True,1,31.0,
0.0,29,True,1,32.0,
0.0,30,True,1,31.0,
0.0,31,True,1,31.0,
0.0,32,True,1,31.0,
0.0,33,True,1,32.0,
0.0,34,True,1,31.0,
0.0,35,True,1,31.0,
0.0,36,True,1,47.0,
0.0,37,True,1,31.0,
0.0,38,True,1,32.0,
0.0,39,True,1,46.0,
0.0,40,True,1,32.0,
0.0,41,True,1,31.0,
0.0,42,True,1,31.0,
0.0,43,True,1,31.0,
0.0,44,True,1,32.0,
0.0,45,True,1,31.0,
0.0,46,True,1,47.0,
0.0,47,True,1,31.0,
0.0,48,True,1,31.0,
0.0,49,True,1,32.0,
0.2,0,True,1,46.0,
0.2,1,True,3,735.0,
0.2,2,True,1,47.0,
0.2,3,True,2,359.0,
0.2,4,True,1,31.0,
0.2,5,True,1,47.0,
0.2,6,True,3,703.0,
0.2,7,True,1,32.0,
0.2,8,True,1,31.0,
0.2,9,True,1,47.0,
0.2,10,True,1,31.0,
0.2,11,True,1,47.0,
0.2,12,True,1,31.0,
0.2,13,True,1,31.0,
0.2,14,True,1,32.0,
0.2,15,True,1,46.0,
0.2,16,True,1,32.0,
0.2,17,True,1,31.0,
0.2,18,True,1,47.0,
0.2,19,True,1,47.0,
0.2,20,True,1,31.0,
0.2,21,True,1,47.0,
0.2,22,True,2,344.0,
0.2,23,True,1,46.0,
0.2,24,True,1,32.0,
0.2,25,True,3,703.0,
0.2,26,True,1,31.0,
0.2,27,True,1,47.0,
0.2,28,True,1,31.0,
0.2,29,True,1,31.0,
0.2,30,True,1,47.0,
0.2,31,True,1,32.0,
0.2,32,True,1,31.0,
0.2,33,True,2,359.0,
0.2,34,True,2,344.0,
0.2,35,True,1,31.0,
0.2,36,True,1,31.0,
0.2,37,True,1,32.0,
0.2,38,True,4,1156.0,
0.2,39,True,1,31.0,
0.2,40,True,1,47.0,
0.2,41,True,1,31.0,
0.2,42,True,3,703.0,
0.2,43,True,1,47.0,
0.2,44,True,1,63.0,
0.2,45,True,1,47.0,
0.2,46,True,1,31.0,
0.2,47,True,1,31.0,
0.2,48,True,1,31.0,
0.2,49,True,1,47.0,
0.5,0,True,1,32.0,
0.5,1,True,3,718.0,
0.5,2,True,1,32.0,
0.5,3,False,4,1343.0,attempt 4 timed out after 0.25s
0.5,4,True,2,344.0,
0.5,5,True,1,31.0,
0.5,6,True,3,688.0,
0.5,7,True,1,47.0,
0.5,8,True,2,359.0,
0.5,9,True,1,31.0,
0.5,10,True,1,32.0,
0.5,11,True,3,671.0,
0.5,12,True,3,704.0,
0.5,13,True,3,703.0,
0.5,14,True,1,31.0,
0.5,15,True,2,359.0,
0.5,16,True,1,47.0,
0.5,17,True,3,672.0,
0.5,18,True,2,344.0,
0.5,19,True,1,31.0,
0.5,20,True,4,1141.0,
0.5,21,True,1,31.0,
0.5,22,True,1,31.0,
0.5,23,True,1,31.0,
0.5,24,True,4,1141.0,
0.5,25,True,1,31.0,
0.5,26,True,2,328.0,
0.5,27,True,4,1204.0,
0.5,28,True,3,703.0,
0.5,29,False,4,1406.0,attempt 4 timed out after 0.25s
0.5,30,True,1,47.0,
0.5,31,False,4,1406.0,attempt 4 timed out after 0.25s
0.5,32,True,1,16.0,
0.5,33,True,1,31.0,
0.5,34,False,4,1422.0,attempt 4 timed out after 0.25s
0.5,35,True,1,62.0,
0.5,36,True,1,47.0,
0.5,37,True,2,344.0,
0.5,38,True,1,31.0,
0.5,39,True,4,1172.0,
0.5,40,True,1,31.0,
0.5,41,True,3,719.0,
0.5,42,True,3,719.0,
0.5,43,True,4,1109.0,
0.5,44,True,2,328.0,
0.5,45,True,1,32.0,
0.5,46,False,4,1359.0,attempt 4 timed out after 0.25s
0.5,47,True,2,359.0,
0.5,48,True,1,16.0,
0.5,49,True,1,31.0,
